Métricas,Valores
MSE,18139683.913183358
RMSE,4259.070780485265
MAE,3289.382984342577
